date,cdi,std_pc1_24m,pc1_crosssec_std
2022-06-30,0.5714285714285715,-0.8405890772923555,0.9921510213189948
2022-07-31,0.523809523809524,,
2022-08-31,0.523809523809524,,
2022-09-30,0.5714285714285715,,
2022-10-31,0.6666666666666669,,
2022-11-30,0.6190476190476191,,
2022-12-31,0.6,-0.44214086852456724,1.102902135021643
2023-01-31,0.5636363636363636,,
2023-02-28,0.406060606060606,,
2023-03-31,0.3454545454545454,,
2023-04-30,0.3454545454545454,,
2023-05-31,0.406060606060606,,
2023-06-30,0.4545454545454545,-0.4252238416167527,1.1076043259948996
2023-07-31,0.4545454545454545,,
2023-08-31,0.4545454545454545,,
2023-09-30,0.4545454545454545,,
2023-10-31,0.5030303030303029,,
2023-11-30,0.4545454545454545,,
2023-12-31,0.4545454545454545,1.7079537874336754,1.7005340793335442
